,,,,,,,,,
Primary Focus:  Immigrant Assistance (Metro MN),,,,,,,,,
Initial links collection: Found along the way.  Not vetted.  ,,,,,,,,,
,,,,,,,,,
Find where you belong.  But don't think too much or wait too long. ,,,,,,,,,
Some of these assigned categories may be incomplete / incorrect,,,,,,,,,
Organizations may do more than indicated by this label. ,,,,,,,,,
,,,,,,,,,
Reusable Searches,,,,,,,,,
immigrants assistance mn - Search Results | Facebook,,,,,,,,,
Living collection of Immigrant resources for MN- Google Search,,,,,,,,,
,,,,,,,,,
"Churches, Synagogues, Temples and other Religious organizations",,,,,,,,,
Link to list 1 (chat GPT),,,,,,,,,
Link to list 2 (chat GPT),,,,,,,,,
Sanctuary Network churches (google search),,,,,,,,,
Transform MN (emergency support for immigrant churches),,,,,,,,,
https://www.facebook.com/transformmn,,,,,,,,,
https://transformmn.org/onefundmn/,,,,,,,,,
" Lutheran Social Service of MN,",,,,,,,,,
,,,,,,,,,
Broad & General Resources,,,,,,,,,
International Institute of Minnesota,,,,,,,,,
"Immigrant Outreach | Source MN, Inc.",,,,,,,,,
Get Help - City of Minneapolis,,,,,,,,,
https://mn.gov/ombudfam/resources/immigration.jsp,,,,,,,,,
https://mnicom.org/,,,,,,,,,
,,,,,,,,,
,,,,,,,,,
,,,,,,,,,
Ethnic Groups,,,,,,,,,
Black Immigrant Collective (https://blackimmigrantcollective.org/),,,,,,,,,
Ayada Leads food drive for Halal diets (Somali) https://www.ayadaleads.org/copy-of-research,,,,,,,,,
Release MN 8 (https://releasemn8.org/) SE Asian,,,,,,,,,
CLUES (Communidades Latinas Unidos En Servicio),,,,,,,,,
https://unidos-mn.org/,,,,,,,,,
Monarca - www.monarcamn.org,,,,,,,,,
,,,,,,,,,
"Focused Resources:  Food, Money, Rent",,,,,,,,,
Rent To Refugees – Arrive Ministries,,,,,,,,,
Money for Immigrants: Financial Resources and Eligibility - LegalClarity,,,,,,,,,
Disaster Assistance for Immigrants - NILC,,,,,,,,,
"Resources for Immigrants: Legal, Housing, and Healthcare - LegalClarity",,,,,,,,,
2nd harvest,,,,,,,,,
Ayada Leads food drive for Halal diets (Somali) https://www.ayadaleads.org/copy-of-research,,,,,,,,,
https://www.facebook.com/HungerSolutionsMN,,,,,,,,,
,,,,,,,,,
,,,,,,,,,
ICE Watch,,,,,,,,,
‪#iceoutnow‬ - Explore | Facebook,,,,,,,,,
‪#iceoutforgood‬ - Explore | Facebook,,,,,,,,,
ICE OUT OF MINNESOTA: DAY OF TRUTH AND FREEDOM · Indivisible Twin Cities,,,,,,,,,
ICE Watch Resources - https://linktr.ee/icewatchresources,,,,,,,,,
ICE Out of Minnesota https://www.iceoutnowmn.com/,,,,,,,,,
Minnesota ICE community Alerts,,,,,,,,,
Monarca - www.monarcamn.org,,,,,,,,,
https://mnnoice.com/,,,,,,,,,
,,,,,,,,,
Community Rapid Response (to share information if you witness ICE activity):,,,,,,,,,
• Immigrant Defense Network: 612-255-3112,,,,,,,,,
• Monarca Rapid Response Line: 612-441-2881,,,,,,,,,
• Minnesota Immigrant Rights Action Committee: miracmn@gmail.com,,,,,,,,,
,,,,,,,,,
• Navigate MN (fight ICE abuse),,,,,,,,,
,,,,,,,,,
Donate (very limited listing - much more out there),,,,,,,,,
Stand With Minnesota Donation Directory,,,,,,,,,
Immigrant Support in the United States | Charity Navigator,,,,,,,,,
Fundraiser by NS MA : Help Immigrant Families with Rent and Utilities,,,,,,,,,
We're raising funds for rental assistance for IX members — Inquilinxs Unidxs Por Justicia,,,,,,,,,
Fundraiser by Nasrieen Habib : Help Keep Minnesota Immigrants Safe from ICE Gangs,,,,,,,,,
,,,,,,,,,
Advocacy,,,,,,,,,
https://takeactionminnesota.org/,,,,,,,,,
COPAL - https://copalmn.org/,,,,,,,,,
,,,,,,,,,
Other / Uncategorized / ,,,,,,,,,
https://veap.org,,,,,,,,,
 Neighborhood House  IAFR Jonathan House,,,,,,,,,
,,,,,,,,,
Legal Help,,,,,,,,,
https://immigrantdefensenetwork.org/,,,,,,,,,
Immigrant Defense Network – Protect the human rights and dignity of every Minnesotan,,,,,,,,,
Home - Immigrant Law Center of Minnesota,,,,,,,,,
Amica Immigrant Defense Fund Donations - Amica Center,,,,,,,,,
https://cairmn.org/,,,,,,,,,
Immigration Court Monitoring - http://www.theadvocatesforhumanrights.org/.../Immigration...,,,,,,,,,
Immigrant Defense Network www.immigrantdefensenetwork.org,,,,,,,,,
Https://mylegalaid.org/how-we-help/immigration/,,,,,,,,,
Volunteer Lawyer Network (VLN) (https://vlnmn.org/):,,,,,,,,,
MIRAC - https://www.miracmn.com/  (MN Immigrant Rights Action Committee),,,,,,,,,
Refugee & Immigrant Helpline: 651-539-7700,,,,,,,,,
aclu-mn.org/request-legal-assistance,,,,,,,,,
,,,,,,,,,
National Resources,,,,,,,,,
Immigrant Support in the United States | Charity Navigator,,,,,,,,,
U.S. Committee for Refugees and Immigrants - USCRI,,,,,,,,,
Lutheran Immigration and Refugee Service | LIRS,,,,,,,,,
Americans for Immigrant Justice - InfluenceWatch - InfluenceWatch,,,,,,,,,
https://hias.org/,,,,,,,,,
Federal Benefit Eligibility for Unauthorized Immigrants,,,,,,,,,